{
  "531970767": {
    "hostname": "vps",
    "dropletId": 531970767,
    "ip": "159.65.92.184",
    "spec": "Ram 8GB Core 4",
    "os": "Ubuntu 22.04 LTS",
    "region": "🇬🇧 London",
    "password": "u11g3c7c18",
    "owner": 1126396317
  },
  "531981845": {
    "hostname": "vps",
    "dropletId": 531981845,
    "ip": "129.212.224.201",
    "spec": "Ram 8GB Core 4",
    "os": "Ubuntu 22.04 LTS",
    "region": "🇸🇬 Singapore",
    "password": "c6pkz3dkld",
    "owner": 1126396317
  }
}